nFrame,nS,nI,nZ,nT,nV,pZ,pI
1,9,0,0,20,11,0.1,0.2
2,9,0,0,20,22,0.1,0.2
3,9,0,0,20,33,0.1,0.2
4,9,0,0,20,44,0.1,0.2
5,9,0,0,20,55,0.1,0.2
6,9,0,0,20,66,0.1,0.2
7,9,0,0,20,77,0.1,0.2
8,9,0,0,20,88,0.1,0.2
9,9,0,0,20,99,0.1,0.2
10,9,0,0,20,110,0.1,0.2
11,9,0,0,20,121,0.1,0.2
12,9,0,0,20,132,0.1,0.2
13,9,0,0,20,143,0.1,0.2
14,9,0,0,20,154,0.1,0.2
15,9,0,0,20,165,0.1,0.2
16,9,0,0,20,176,0.1,0.2
17,9,0,0,20,187,0.1,0.2
18,9,0,0,20,198,0.1,0.2
19,9,0,0,20,209,0.1,0.2
20,9,0,0,20,220,0.1,0.2
21,9,0,0,20,231,0.1,0.2
22,9,0,0,20,242,0.1,0.2
23,9,0,0,20,253,0.1,0.2
24,9,0,0,20,264,0.1,0.2
25,9,0,0,20,275,0.1,0.2
26,9,0,0,20,286,0.1,0.2
27,9,0,0,20,297,0.1,0.2
28,9,0,0,20,308,0.1,0.2
29,9,0,0,20,319,0.1,0.2
30,9,0,0,20,330,0.1,0.2
31,9,0,0,20,341,0.1,0.2
32,9,0,0,20,352,0.1,0.2
33,9,0,0,20,363,0.1,0.2
34,9,0,0,20,374,0.1,0.2
35,9,0,0,20,385,0.1,0.2
36,9,0,0,20,396,0.1,0.2
37,9,0,0,20,407,0.1,0.2
38,9,0,0,20,418,0.1,0.2
39,9,0,0,20,429,0.1,0.2
40,9,0,0,20,440,0.1,0.2
41,9,0,0,20,451,0.1,0.2
42,9,0,0,20,462,0.1,0.2
43,9,0,0,20,473,0.1,0.2
44,9,0,0,20,484,0.1,0.2
45,9,0,0,20,495,0.1,0.2
46,9,0,0,20,506,0.1,0.2
47,9,0,0,20,517,0.1,0.2
48,9,0,0,20,528,0.1,0.2
49,9,0,0,20,539,0.1,0.2
50,9,0,0,20,550,0.1,0.2
51,9,0,0,20,561,0.1,0.2
52,9,0,0,20,572,0.1,0.2
53,9,0,0,20,583,0.1,0.2
54,9,0,0,20,594,0.1,0.2
55,9,0,0,20,605,0.1,0.2
56,9,0,0,20,616,0.1,0.2
57,9,0,0,20,627,0.1,0.2
58,9,0,0,20,638,0.1,0.2
59,9,0,0,20,649,0.1,0.2
60,9,0,0,20,660,0.1,0.2
61,9,0,0,20,671,0.1,0.2
62,9,0,0,20,682,0.1,0.2
63,9,0,0,20,693,0.1,0.2
64,9,0,0,20,704,0.1,0.2
65,9,0,0,20,715,0.1,0.2
66,9,0,0,20,726,0.1,0.2
67,9,0,0,20,737,0.1,0.2
68,9,0,0,20,748,0.1,0.2
69,9,0,0,20,759,0.1,0.2
70,9,0,0,20,770,0.1,0.2
71,9,0,0,20,781,0.1,0.2
72,9,0,0,20,792,0.1,0.2
73,9,0,0,20,803,0.1,0.2
74,9,0,0,20,814,0.1,0.2
75,9,0,0,20,825,0.1,0.2
76,9,0,0,20,836,0.1,0.2
77,9,0,0,20,847,0.1,0.2
78,9,0,0,20,858,0.1,0.2
79,9,0,0,20,869,0.1,0.2
80,9,0,0,20,880,0.1,0.2
81,9,0,0,20,891,0.1,0.2
82,9,0,0,20,902,0.1,0.2
83,9,0,0,20,913,0.1,0.2
84,9,0,0,20,924,0.1,0.2
85,9,0,0,20,935,0.1,0.2
86,9,0,0,20,946,0.1,0.2
87,9,0,0,20,957,0.1,0.2
88,9,0,0,20,968,0.1,0.2
89,9,0,0,20,979,0.1,0.2
90,9,0,0,20,990,0.1,0.2
91,9,0,0,20,1001,0.1,0.2
92,9,0,0,20,1012,0.1,0.2
93,9,0,0,20,1023,0.1,0.2
94,9,0,0,20,1034,0.1,0.2
95,9,0,0,20,1045,0.1,0.2
96,9,0,0,20,1056,0.1,0.2
97,9,0,0,20,1067,0.1,0.2
98,9,0,0,20,1078,0.1,0.2
99,9,0,0,20,1089,0.1,0.2
100,9,0,0,20,1100,0.1,0.2
101,9,0,0,20,1111,0.1,0.2
102,9,0,0,20,1122,0.1,0.2
103,9,0,0,20,1133,0.1,0.2
104,9,0,0,20,1144,0.1,0.2
105,9,0,0,20,1155,0.1,0.2
106,9,0,0,20,1166,0.1,0.2
107,9,0,0,20,1177,0.1,0.2
108,9,0,0,20,1188,0.1,0.2
109,9,0,0,20,1199,0.1,0.2
110,9,0,0,20,1210,0.1,0.2
111,9,0,0,20,1221,0.1,0.2
112,9,0,0,20,1232,0.1,0.2
113,9,0,0,20,1243,0.1,0.2
114,9,0,0,20,1254,0.1,0.2
115,9,0,0,20,1265,0.1,0.2
116,9,0,0,20,1276,0.1,0.2
117,9,0,0,20,1287,0.1,0.2
118,9,0,0,20,1298,0.1,0.2
119,9,0,0,20,1309,0.1,0.2
120,9,0,0,20,1320,0.1,0.2
121,9,0,0,20,1331,0.1,0.2
122,9,0,0,20,1342,0.1,0.2
123,9,0,0,20,1353,0.1,0.2
124,9,0,0,20,1364,0.1,0.2
125,9,0,0,20,1375,0.1,0.2
126,9,0,0,20,1386,0.1,0.2
127,9,0,0,20,1397,0.1,0.2
128,9,0,0,20,1408,0.1,0.2
129,9,0,0,20,1419,0.1,0.2
130,8,1,0,20,1430,0.1,0.2
131,9,0,0,20,1441,0.1,0.2
132,8,1,0,20,1452,0.1,0.2
133,9,0,0,20,1463,0.1,0.2
134,8,1,0,20,1474,0.1,0.2
135,8,1,0,20,1485,0.1,0.2
136,8,1,0,20,1496,0.1,0.2
137,8,1,0,20,1507,0.1,0.2
138,8,1,0,20,1518,0.1,0.2
139,8,1,0,20,1529,0.1,0.2
140,8,1,0,20,1540,0.1,0.2
141,8,1,0,20,1551,0.1,0.2
142,8,1,0,20,1562,0.1,0.2
143,8,1,0,20,1573,0.1,0.2
144,8,1,0,20,1584,0.1,0.2
145,8,1,0,20,1595,0.1,0.2
146,8,1,0,20,1606,0.1,0.2
147,8,1,0,20,1617,0.1,0.2
148,8,1,0,20,1628,0.1,0.2
149,8,1,0,20,1639,0.1,0.2
150,8,1,0,20,1650,0.1,0.2
151,8,1,0,20,1661,0.1,0.2
152,8,1,0,20,1672,0.1,0.2
153,8,1,0,20,1683,0.1,0.2
154,8,1,0,20,1694,0.1,0.2
155,8,1,0,20,1705,0.1,0.2
156,8,1,0,20,1716,0.1,0.2
157,8,1,0,20,1727,0.1,0.2
158,8,1,0,20,1738,0.1,0.2
159,8,1,0,20,1749,0.1,0.2
160,8,1,0,20,1760,0.1,0.2
161,8,1,0,20,1771,0.1,0.2
162,8,1,0,20,1782,0.1,0.2
163,8,1,0,20,1793,0.1,0.2
164,8,1,0,20,1804,0.1,0.2
165,8,1,0,20,1815,0.1,0.2
166,8,1,0,20,1826,0.1,0.2
167,8,1,0,20,1837,0.1,0.2
168,8,1,0,20,1848,0.1,0.2
169,8,1,0,20,1859,0.1,0.2
170,8,1,0,20,1870,0.1,0.2
171,8,1,0,20,1881,0.1,0.2
172,8,1,0,20,1892,0.1,0.2
173,8,1,0,20,1903,0.1,0.2
174,8,1,0,20,1914,0.1,0.2
175,8,1,0,20,1925,0.1,0.2
176,8,1,0,20,1936,0.1,0.2
177,8,1,0,20,1947,0.1,0.2
178,8,1,0,20,1958,0.1,0.2
179,8,1,0,20,1969,0.1,0.2
180,8,1,0,20,1980,0.1,0.2
181,8,1,0,20,1991,0.1,0.2
182,8,1,0,20,2002,0.1,0.2
183,8,0,1,20,2013,0.1,0.2
184,8,0,1,20,2024,0.1,0.2
185,8,0,1,20,2035,0.1,0.2
186,8,0,1,20,2046,0.1,0.2
187,8,0,1,20,2057,0.1,0.2
188,8,0,1,20,2068,0.1,0.2
189,8,0,1,20,2079,0.1,0.2
190,8,0,1,20,2090,0.1,0.2
191,8,0,1,20,2101,0.1,0.2
192,8,0,1,20,2112,0.1,0.2
193,8,0,1,20,2123,0.1,0.2
194,8,0,1,20,2134,0.1,0.2
195,8,0,1,20,2145,0.1,0.2
196,8,0,1,20,2156,0.1,0.2
197,8,0,1,20,2167,0.1,0.2
198,8,0,1,20,2178,0.1,0.2
199,8,0,1,20,2189,0.1,0.2
200,8,0,1,20,2200,0.1,0.2
201,8,0,1,20,2211,0.1,0.2
202,8,0,1,20,2222,0.1,0.2
203,8,0,1,20,2233,0.1,0.2
204,8,0,1,20,2244,0.1,0.2
205,8,0,1,20,2255,0.1,0.2
206,8,0,1,20,2266,0.1,0.2
207,8,0,1,20,2277,0.1,0.2
208,8,0,1,20,2288,0.1,0.2
209,8,0,1,20,2299,0.1,0.2
210,8,0,1,20,2310,0.1,0.2
211,8,0,1,20,2321,0.1,0.2
212,8,0,1,20,2332,0.1,0.2
213,8,0,1,20,2343,0.1,0.2
214,8,0,1,20,2354,0.1,0.2
215,8,0,1,20,2365,0.1,0.2
216,8,0,1,20,2376,0.1,0.2
217,8,0,1,20,2387,0.1,0.2
218,8,0,1,20,2398,0.1,0.2
219,8,0,1,20,2409,0.1,0.2
220,8,0,1,20,2420,0.1,0.2
221,8,0,1,20,2431,0.1,0.2
222,8,0,1,20,2442,0.1,0.2
223,8,0,1,20,2453,0.1,0.2
224,8,0,1,20,2464,0.1,0.2
225,8,0,1,20,2475,0.1,0.2
226,8,0,1,20,2486,0.1,0.2
227,8,0,1,20,2497,0.1,0.2
228,8,0,1,20,2508,0.1,0.2
229,8,0,1,20,2519,0.1,0.2
230,8,0,1,20,2530,0.1,0.2
231,8,0,1,20,2541,0.1,0.2
232,8,0,1,20,2552,0.1,0.2
233,8,0,1,20,2563,0.1,0.2
234,8,0,1,20,2574,0.1,0.2
235,8,0,1,20,2585,0.1,0.2
236,8,0,1,20,2596,0.1,0.2
237,8,0,1,20,2607,0.1,0.2
238,8,0,1,20,2618,0.1,0.2
239,8,0,1,20,2629,0.1,0.2
240,8,0,1,20,2640,0.1,0.2
241,8,0,1,20,2651,0.1,0.2
242,8,0,1,20,2662,0.1,0.2
243,8,0,1,20,2673,0.1,0.2
244,8,0,1,20,2684,0.1,0.2
245,8,0,1,20,2695,0.1,0.2
246,8,0,1,20,2706,0.1,0.2
247,8,0,1,20,2717,0.1,0.2
248,8,0,1,20,2728,0.1,0.2
249,8,0,1,20,2739,0.1,0.2
250,8,0,1,20,2750,0.1,0.2
251,8,0,1,20,2761,0.1,0.2
252,8,0,1,20,2772,0.1,0.2
253,8,0,1,20,2783,0.1,0.2
254,8,0,1,20,2794,0.1,0.2
255,8,0,1,20,2805,0.1,0.2
256,8,0,1,20,2816,0.1,0.2
257,8,0,1,20,2827,0.1,0.2
258,8,0,1,20,2838,0.1,0.2
259,8,0,1,20,2849,0.1,0.2
260,8,0,1,20,2860,0.1,0.2
261,8,0,1,20,2871,0.1,0.2
262,8,0,1,20,2882,0.1,0.2
263,8,0,1,20,2893,0.1,0.2
264,8,0,1,20,2904,0.1,0.2
265,8,0,1,20,2915,0.1,0.2
266,8,0,1,20,2926,0.1,0.2
267,8,0,1,20,2937,0.1,0.2
268,8,0,1,20,2948,0.1,0.2
269,8,0,1,20,2959,0.1,0.2
270,8,0,1,20,2970,0.1,0.2
271,8,0,1,20,2981,0.1,0.2
272,8,0,1,20,2992,0.1,0.2
273,8,0,1,20,3003,0.1,0.2
274,8,0,1,20,3014,0.1,0.2
275,8,0,1,20,3025,0.1,0.2
276,8,0,1,20,3036,0.1,0.2
277,8,0,1,20,3047,0.1,0.2
278,8,0,1,20,3058,0.1,0.2
279,8,0,1,20,3069,0.1,0.2
280,7,1,1,20,3080,0.1,0.2
281,8,0,1,20,3091,0.1,0.2
282,7,1,1,20,3102,0.1,0.2
283,7,1,1,20,3113,0.1,0.2
284,7,1,1,20,3124,0.1,0.2
285,7,1,1,20,3135,0.1,0.2
286,7,1,1,20,3146,0.1,0.2
287,7,1,1,20,3157,0.1,0.2
288,7,1,1,20,3168,0.1,0.2
289,7,0,2,20,3179,0.1,0.2
290,7,0,2,20,3190,0.1,0.2
291,7,0,2,20,3201,0.1,0.2
292,7,0,2,20,3212,0.1,0.2
293,7,0,2,20,3223,0.1,0.2
294,7,0,2,20,3234,0.1,0.2
295,7,0,2,20,3245,0.1,0.2
296,7,0,2,20,3256,0.1,0.2
297,7,0,2,20,3267,0.1,0.2
298,7,0,2,20,3278,0.1,0.2
299,7,0,2,20,3289,0.1,0.2
300,7,0,2,20,3300,0.1,0.2
301,7,0,2,20,3311,0.1,0.2
302,7,0,2,20,3322,0.1,0.2
303,7,0,2,20,3333,0.1,0.2
304,7,0,2,20,3344,0.1,0.2
305,7,0,2,20,3355,0.1,0.2
306,7,0,2,20,3366,0.1,0.2
307,7,0,2,20,3377,0.1,0.2
308,7,0,2,20,3388,0.1,0.2
309,7,0,2,20,3399,0.1,0.2
310,7,0,2,20,3410,0.1,0.2
311,7,0,2,20,3421,0.1,0.2
312,7,0,2,20,3432,0.1,0.2
313,7,0,2,20,3443,0.1,0.2
314,7,0,2,20,3454,0.1,0.2
315,7,0,2,20,3465,0.1,0.2
316,7,0,2,20,3476,0.1,0.2
317,7,0,2,20,3487,0.1,0.2
318,7,0,2,20,3498,0.1,0.2
319,7,0,2,20,3509,0.1,0.2
320,7,0,2,20,3520,0.1,0.2
321,7,0,2,20,3531,0.1,0.2
322,7,0,2,20,3542,0.1,0.2
323,7,0,2,20,3553,0.1,0.2
324,7,0,2,20,3564,0.1,0.2
325,7,0,2,20,3575,0.1,0.2
326,7,0,2,20,3586,0.1,0.2
327,7,0,2,20,3597,0.1,0.2
328,7,0,2,20,3608,0.1,0.2
329,7,0,2,20,3619,0.1,0.2
330,7,0,2,20,3630,0.1,0.2
331,7,0,2,20,3641,0.1,0.2
332,7,0,2,20,3652,0.1,0.2
333,7,0,2,20,3663,0.1,0.2
334,7,0,2,20,3674,0.1,0.2
335,7,0,2,20,3685,0.1,0.2
336,7,0,2,20,3696,0.1,0.2
337,7,0,2,20,3707,0.1,0.2
338,7,0,2,20,3718,0.1,0.2
339,7,0,2,20,3729,0.1,0.2
340,7,0,2,20,3740,0.1,0.2
341,7,0,2,20,3751,0.1,0.2
342,7,0,2,20,3762,0.1,0.2
343,7,0,2,20,3773,0.1,0.2
344,7,0,2,20,3784,0.1,0.2
345,7,0,2,20,3795,0.1,0.2
346,7,0,2,20,3806,0.1,0.2
347,7,0,2,20,3817,0.1,0.2
348,7,0,2,20,3828,0.1,0.2
349,7,0,2,20,3839,0.1,0.2
350,7,0,2,20,3850,0.1,0.2
351,7,0,2,20,3861,0.1,0.2
352,7,0,2,20,3872,0.1,0.2
353,7,0,2,20,3883,0.1,0.2
354,7,0,2,20,3894,0.1,0.2
355,7,0,2,20,3905,0.1,0.2
356,7,0,2,20,3916,0.1,0.2
357,7,0,2,20,3927,0.1,0.2
358,7,0,2,20,3938,0.1,0.2
359,7,0,2,20,3949,0.1,0.2
360,7,0,2,20,3960,0.1,0.2
361,7,0,2,20,3971,0.1,0.2
362,7,0,2,20,3982,0.1,0.2
363,7,0,2,20,3993,0.1,0.2
364,7,0,2,20,4004,0.1,0.2
365,7,0,2,20,4015,0.1,0.2
366,7,0,2,20,4026,0.1,0.2
367,7,0,2,20,4037,0.1,0.2
368,7,0,2,20,4048,0.1,0.2
369,7,0,2,20,4059,0.1,0.2
370,7,0,2,20,4070,0.1,0.2
371,7,0,2,20,4081,0.1,0.2
372,7,0,2,20,4092,0.1,0.2
373,7,0,2,20,4103,0.1,0.2
374,7,0,2,20,4114,0.1,0.2
375,7,0,2,20,4125,0.1,0.2
376,7,0,2,20,4136,0.1,0.2
377,7,0,2,20,4147,0.1,0.2
378,7,0,2,20,4158,0.1,0.2
379,6,1,2,20,4169,0.1,0.2
380,7,0,2,20,4180,0.1,0.2
381,6,1,2,20,4191,0.1,0.2
382,7,0,2,20,4202,0.1,0.2
383,7,0,2,20,4213,0.1,0.2
384,7,0,2,20,4224,0.1,0.2
385,7,0,2,20,4235,0.1,0.2
386,7,0,2,20,4246,0.1,0.2
387,7,0,2,20,4257,0.1,0.2
388,7,0,2,20,4268,0.1,0.2
389,7,0,2,20,4279,0.1,0.2
390,7,0,2,20,4290,0.1,0.2
391,7,0,2,20,4301,0.1,0.2
392,7,0,2,20,4312,0.1,0.2
393,7,0,2,20,4323,0.1,0.2
394,7,0,2,20,4334,0.1,0.2
395,7,0,2,20,4345,0.1,0.2
396,7,0,2,20,4356,0.1,0.2
397,7,0,2,20,4367,0.1,0.2
398,7,0,2,20,4378,0.1,0.2
399,7,0,2,20,4389,0.1,0.2
400,7,0,2,20,4400,0.1,0.2
401,7,0,2,20,4411,0.1,0.2
402,7,0,2,20,4422,0.1,0.2
403,7,0,2,20,4433,0.1,0.2
404,7,0,2,20,4444,0.1,0.2
405,7,0,2,20,4455,0.1,0.2
406,7,0,2,20,4466,0.1,0.2
407,7,0,2,20,4477,0.1,0.2
408,7,0,2,20,4488,0.1,0.2
409,7,0,2,20,4499,0.1,0.2
410,7,0,2,20,4510,0.1,0.2
411,7,0,2,20,4521,0.1,0.2
412,7,0,2,20,4532,0.1,0.2
413,7,0,2,20,4543,0.1,0.2
414,7,0,2,20,4554,0.1,0.2
415,7,0,2,20,4565,0.1,0.2
416,7,0,2,20,4576,0.1,0.2
417,7,0,2,20,4587,0.1,0.2
418,7,0,2,20,4598,0.1,0.2
419,7,0,2,20,4609,0.1,0.2
420,7,0,2,20,4620,0.1,0.2
421,7,0,2,20,4631,0.1,0.2
422,7,0,2,20,4642,0.1,0.2
423,6,1,2,20,4653,0.1,0.2
424,7,0,2,20,4664,0.1,0.2
425,6,1,2,20,4675,0.1,0.2
426,7,0,2,20,4686,0.1,0.2
427,6,1,2,20,4697,0.1,0.2
428,6,1,2,20,4708,0.1,0.2
429,6,1,2,20,4719,0.1,0.2
430,6,1,2,20,4730,0.1,0.2
431,6,1,2,20,4741,0.1,0.2
432,6,1,2,20,4752,0.1,0.2
433,6,1,2,20,4763,0.1,0.2
434,6,1,2,20,4774,0.1,0.2
435,6,1,2,20,4785,0.1,0.2
436,6,1,2,20,4796,0.1,0.2
437,6,1,2,20,4807,0.1,0.2
438,6,1,2,20,4818,0.1,0.2
439,6,1,2,20,4829,0.1,0.2
440,6,1,2,20,4840,0.1,0.2
441,6,1,2,20,4851,0.1,0.2
442,6,1,2,20,4862,0.1,0.2
443,6,1,2,20,4873,0.1,0.2
444,6,1,2,20,4884,0.1,0.2
445,6,1,2,20,4895,0.1,0.2
446,6,1,2,20,4906,0.1,0.2
447,6,1,2,20,4917,0.1,0.2
448,6,1,2,20,4928,0.1,0.2
449,6,1,2,20,4939,0.1,0.2
450,6,1,2,20,4950,0.1,0.2
451,6,1,2,20,4961,0.1,0.2
452,6,1,2,20,4972,0.1,0.2
453,6,1,2,20,4983,0.1,0.2
454,6,1,2,20,4994,0.1,0.2
455,6,1,2,20,5005,0.1,0.2
456,6,1,2,20,5016,0.1,0.2
457,6,1,2,20,5027,0.1,0.2
458,6,0,3,20,5038,0.1,0.2
459,6,0,3,20,5049,0.1,0.2
460,6,0,3,20,5060,0.1,0.2
461,6,0,3,20,5071,0.1,0.2
462,6,0,3,20,5082,0.1,0.2
463,6,0,3,20,5093,0.1,0.2
464,5,1,3,20,5104,0.1,0.2
465,5,1,3,20,5115,0.1,0.2
466,5,1,3,20,5126,0.1,0.2
467,5,1,3,20,5137,0.1,0.2
468,5,1,3,20,5148,0.1,0.2
469,5,1,3,20,5159,0.1,0.2
470,5,1,3,20,5170,0.1,0.2
471,5,1,3,20,5181,0.1,0.2
472,5,1,3,20,5192,0.1,0.2
473,5,1,3,20,5203,0.1,0.2
474,5,1,3,20,5214,0.1,0.2
475,5,1,3,20,5225,0.1,0.2
476,5,1,3,20,5236,0.1,0.2
477,5,1,3,20,5247,0.1,0.2
478,5,1,3,20,5258,0.1,0.2
479,5,1,3,20,5269,0.1,0.2
480,5,1,3,20,5280,0.1,0.2
481,5,1,3,20,5291,0.1,0.2
482,5,1,3,20,5302,0.1,0.2
483,5,1,3,20,5313,0.1,0.2
484,5,1,3,20,5324,0.1,0.2
485,5,1,3,20,5335,0.1,0.2
486,5,1,3,20,5346,0.1,0.2
487,5,1,3,20,5357,0.1,0.2
488,5,1,3,20,5368,0.1,0.2
489,5,0,4,20,5379,0.1,0.2
490,5,0,4,20,5390,0.1,0.2
491,5,0,4,20,5401,0.1,0.2
492,5,0,4,20,5412,0.1,0.2
493,5,0,4,20,5423,0.1,0.2
494,5,0,4,20,5434,0.1,0.2
495,5,0,4,20,5445,0.1,0.2
496,5,0,4,20,5456,0.1,0.2
497,5,0,4,20,5467,0.1,0.2
498,5,0,4,20,5478,0.1,0.2
499,5,0,4,20,5489,0.1,0.2
500,5,0,4,20,5500,0.1,0.2
501,5,0,4,20,5511,0.1,0.2
502,5,0,4,20,5522,0.1,0.2
503,5,0,4,20,5533,0.1,0.2
504,5,0,4,20,5544,0.1,0.2
505,5,0,4,20,5555,0.1,0.2
506,5,0,4,20,5566,0.1,0.2
507,5,0,4,20,5577,0.1,0.2
508,5,0,4,20,5588,0.1,0.2
509,5,0,4,20,5599,0.1,0.2
510,5,0,4,20,5610,0.1,0.2
511,5,0,4,20,5621,0.1,0.2
512,5,0,4,20,5632,0.1,0.2
513,5,0,4,20,5643,0.1,0.2
514,5,0,4,20,5654,0.1,0.2
515,5,0,4,20,5665,0.1,0.2
516,5,0,4,20,5676,0.1,0.2
517,5,0,4,20,5687,0.1,0.2
518,5,0,4,20,5698,0.1,0.2
519,5,0,4,20,5709,0.1,0.2
520,5,0,4,20,5720,0.1,0.2
521,5,0,4,20,5731,0.1,0.2
522,5,0,4,20,5742,0.1,0.2
523,5,0,4,20,5753,0.1,0.2
524,5,0,4,20,5764,0.1,0.2
525,5,0,4,20,5775,0.1,0.2
526,5,0,4,20,5786,0.1,0.2
527,5,0,4,20,5797,0.1,0.2
528,5,0,4,20,5808,0.1,0.2
529,5,0,4,20,5819,0.1,0.2
530,5,0,4,20,5830,0.1,0.2
531,5,0,4,20,5841,0.1,0.2
532,5,0,4,20,5852,0.1,0.2
533,5,0,4,20,5863,0.1,0.2
534,5,0,4,20,5874,0.1,0.2
535,5,0,4,20,5885,0.1,0.2
536,5,0,4,20,5896,0.1,0.2
537,5,0,4,20,5907,0.1,0.2
538,5,0,4,20,5918,0.1,0.2
539,5,0,4,20,5929,0.1,0.2
540,5,0,4,20,5940,0.1,0.2
541,5,0,4,20,5951,0.1,0.2
542,5,0,4,20,5962,0.1,0.2
543,5,0,4,20,5973,0.1,0.2
544,5,0,4,20,5984,0.1,0.2
545,5,0,4,20,5995,0.1,0.2
546,5,0,4,20,6006,0.1,0.2
547,5,0,4,20,6017,0.1,0.2
548,5,0,4,20,6028,0.1,0.2
549,5,0,4,20,6039,0.1,0.2
550,5,0,4,20,6050,0.1,0.2
551,5,0,4,20,6061,0.1,0.2
552,5,0,4,20,6072,0.1,0.2
553,5,0,4,20,6083,0.1,0.2
554,5,0,4,20,6094,0.1,0.2
555,5,0,4,20,6105,0.1,0.2
556,5,0,4,20,6116,0.1,0.2
557,5,0,4,20,6127,0.1,0.2
558,5,0,4,20,6138,0.1,0.2
559,5,0,4,20,6149,0.1,0.2
560,5,0,4,20,6160,0.1,0.2
561,5,0,4,20,6171,0.1,0.2
562,5,0,4,20,6182,0.1,0.2
563,5,0,4,20,6193,0.1,0.2
564,5,0,4,20,6204,0.1,0.2
565,5,0,4,20,6215,0.1,0.2
566,5,0,4,20,6226,0.1,0.2
567,5,0,4,20,6237,0.1,0.2
568,5,0,4,20,6248,0.1,0.2
569,5,0,4,20,6259,0.1,0.2
570,5,0,4,20,6270,0.1,0.2
571,5,0,4,20,6281,0.1,0.2
572,5,0,4,20,6292,0.1,0.2
573,5,0,4,20,6303,0.1,0.2
574,5,0,4,20,6314,0.1,0.2
575,5,0,4,20,6325,0.1,0.2
576,5,0,4,20,6336,0.1,0.2
577,5,0,4,20,6347,0.1,0.2
578,5,0,4,20,6358,0.1,0.2
579,5,0,4,20,6369,0.1,0.2
580,5,0,4,20,6380,0.1,0.2
581,5,0,4,20,6391,0.1,0.2
582,5,0,4,20,6402,0.1,0.2
583,5,0,4,20,6413,0.1,0.2
584,5,0,4,20,6424,0.1,0.2
585,5,0,4,20,6435,0.1,0.2
586,5,0,4,20,6446,0.1,0.2
587,5,0,4,20,6457,0.1,0.2
588,5,0,4,20,6468,0.1,0.2
589,5,0,4,20,6479,0.1,0.2
590,5,0,4,20,6490,0.1,0.2
591,5,0,4,20,6501,0.1,0.2
592,5,0,4,20,6512,0.1,0.2
593,5,0,4,20,6523,0.1,0.2
594,5,0,4,20,6534,0.1,0.2
595,5,0,4,20,6545,0.1,0.2
596,5,0,4,20,6556,0.1,0.2
597,5,0,4,20,6567,0.1,0.2
598,5,0,4,20,6578,0.1,0.2
599,5,0,4,20,6589,0.1,0.2
600,5,0,4,20,6600,0.1,0.2
601,5,0,4,20,6611,0.1,0.2
602,5,0,4,20,6622,0.1,0.2
603,5,0,4,20,6633,0.1,0.2
604,5,0,4,20,6644,0.1,0.2
605,5,0,4,20,6655,0.1,0.2
606,5,0,4,20,6666,0.1,0.2
607,5,0,4,20,6677,0.1,0.2
608,5,0,4,20,6688,0.1,0.2
609,5,0,4,20,6699,0.1,0.2
610,5,0,4,20,6710,0.1,0.2
611,5,0,4,20,6721,0.1,0.2
612,5,0,4,20,6732,0.1,0.2
613,5,0,4,20,6743,0.1,0.2
614,5,0,4,20,6754,0.1,0.2
615,5,0,4,20,6765,0.1,0.2
616,5,0,4,20,6776,0.1,0.2
617,5,0,4,20,6787,0.1,0.2
618,5,0,4,20,6798,0.1,0.2
619,5,0,4,20,6809,0.1,0.2
620,5,0,4,20,6820,0.1,0.2
621,5,0,4,20,6831,0.1,0.2
622,5,0,4,20,6842,0.1,0.2
623,5,0,4,20,6853,0.1,0.2
624,5,0,4,20,6864,0.1,0.2
625,5,0,4,20,6875,0.1,0.2
626,5,0,4,20,6886,0.1,0.2
627,5,0,4,20,6897,0.1,0.2
628,5,0,4,20,6908,0.1,0.2
629,5,0,4,20,6919,0.1,0.2
630,5,0,4,20,6930,0.1,0.2
631,5,0,4,20,6941,0.1,0.2
632,5,0,4,20,6952,0.1,0.2
633,5,0,4,20,6963,0.1,0.2
634,5,0,4,20,6974,0.1,0.2
635,5,0,4,20,6985,0.1,0.2
636,5,0,4,20,6996,0.1,0.2
637,5,0,4,20,7007,0.1,0.2
638,5,0,4,20,7018,0.1,0.2
639,5,0,4,20,7029,0.1,0.2
640,5,0,4,20,7040,0.1,0.2
641,5,0,4,20,7051,0.1,0.2
642,5,0,4,20,7062,0.1,0.2
643,5,0,4,20,7073,0.1,0.2
644,5,0,4,20,7084,0.1,0.2
645,5,0,4,20,7095,0.1,0.2
646,5,0,4,20,7106,0.1,0.2
647,5,0,4,20,7117,0.1,0.2
648,5,0,4,20,7128,0.1,0.2
649,5,0,4,20,7139,0.1,0.2
650,5,0,4,20,7150,0.1,0.2
651,5,0,4,20,7161,0.1,0.2
652,5,0,4,20,7172,0.1,0.2
653,5,0,4,20,7183,0.1,0.2
654,5,0,4,20,7194,0.1,0.2
655,5,0,4,20,7205,0.1,0.2
656,5,0,4,20,7216,0.1,0.2
657,5,0,4,20,7227,0.1,0.2
658,5,0,4,20,7238,0.1,0.2
659,5,0,4,20,7249,0.1,0.2
660,5,0,4,20,7260,0.1,0.2
661,5,0,4,20,7271,0.1,0.2
662,5,0,4,20,7282,0.1,0.2
663,5,0,4,20,7293,0.1,0.2
664,5,0,4,20,7304,0.1,0.2
665,5,0,4,20,7315,0.1,0.2
666,5,0,4,20,7326,0.1,0.2
667,5,0,4,20,7337,0.1,0.2
668,5,0,4,20,7348,0.1,0.2
669,5,0,4,20,7359,0.1,0.2
670,5,0,4,20,7370,0.1,0.2
671,5,0,4,20,7381,0.1,0.2
672,5,0,4,20,7392,0.1,0.2
673,5,0,4,20,7403,0.1,0.2
674,5,0,4,20,7414,0.1,0.2
675,5,0,4,20,7425,0.1,0.2
676,5,0,4,20,7436,0.1,0.2
677,5,0,4,20,7447,0.1,0.2
678,5,0,4,20,7458,0.1,0.2
679,5,0,4,20,7469,0.1,0.2
680,5,0,4,20,7480,0.1,0.2
681,5,0,4,20,7491,0.1,0.2
682,5,0,4,20,7502,0.1,0.2
683,5,0,4,20,7513,0.1,0.2
684,5,0,4,20,7524,0.1,0.2
685,5,0,4,20,7535,0.1,0.2
686,5,0,4,20,7546,0.1,0.2
687,5,0,4,20,7557,0.1,0.2
688,5,0,4,20,7568,0.1,0.2
689,5,0,4,20,7579,0.1,0.2
690,5,0,4,20,7590,0.1,0.2
691,5,0,4,20,7601,0.1,0.2
692,5,0,4,20,7612,0.1,0.2
693,5,0,4,20,7623,0.1,0.2
694,5,0,4,20,7634,0.1,0.2
695,5,0,4,20,7645,0.1,0.2
696,5,0,4,20,7656,0.1,0.2
697,5,0,4,20,7667,0.1,0.2
698,4,1,4,20,7678,0.1,0.2
699,4,1,4,20,7689,0.1,0.2
700,4,1,4,20,7700,0.1,0.2
701,4,1,4,20,7711,0.1,0.2
702,4,1,4,20,7722,0.1,0.2
703,4,1,4,20,7733,0.1,0.2
704,4,1,4,20,7744,0.1,0.2
705,4,1,4,20,7755,0.1,0.2
706,4,1,4,20,7766,0.1,0.2
707,4,1,4,20,7777,0.1,0.2
708,4,1,4,20,7788,0.1,0.2
709,4,1,4,20,7799,0.1,0.2
710,4,1,4,20,7810,0.1,0.2
711,4,1,4,20,7821,0.1,0.2
712,4,1,4,20,7832,0.1,0.2
713,4,1,4,20,7843,0.1,0.2
714,4,1,4,20,7854,0.1,0.2
715,4,1,4,20,7865,0.1,0.2
716,4,1,4,20,7876,0.1,0.2
717,4,1,4,20,7887,0.1,0.2
718,4,1,4,20,7898,0.1,0.2
719,4,0,5,20,7909,0.1,0.2
720,4,0,5,20,7920,0.1,0.2
721,4,0,5,20,7931,0.1,0.2
722,4,0,5,20,7942,0.1,0.2
723,4,0,5,20,7953,0.1,0.2
724,4,0,5,20,7964,0.1,0.2
725,4,0,5,20,7975,0.1,0.2
726,4,0,5,20,7986,0.1,0.2
727,4,0,5,20,7997,0.1,0.2
728,4,0,5,20,8008,0.1,0.2
729,4,0,5,20,8019,0.1,0.2
730,4,0,5,20,8030,0.1,0.2
731,4,0,5,20,8041,0.1,0.2
732,4,0,5,20,8052,0.1,0.2
733,4,0,5,20,8063,0.1,0.2
734,4,0,5,20,8074,0.1,0.2
735,4,0,5,20,8085,0.1,0.2
736,4,0,5,20,8096,0.1,0.2
737,4,0,5,20,8107,0.1,0.2
738,4,0,5,20,8118,0.1,0.2
739,4,0,5,20,8129,0.1,0.2
740,4,0,5,20,8140,0.1,0.2
741,4,0,5,20,8151,0.1,0.2
742,4,0,5,20,8162,0.1,0.2
743,4,0,5,20,8173,0.1,0.2
744,4,0,5,20,8184,0.1,0.2
745,4,0,5,20,8195,0.1,0.2
746,4,0,5,20,8206,0.1,0.2
747,4,0,5,20,8217,0.1,0.2
748,4,0,5,20,8228,0.1,0.2
749,4,0,5,20,8239,0.1,0.2
750,4,0,5,20,8250,0.1,0.2
751,4,0,5,20,8261,0.1,0.2
752,4,0,5,20,8272,0.1,0.2
753,4,0,5,20,8283,0.1,0.2
754,4,0,5,20,8294,0.1,0.2
755,4,0,5,20,8305,0.1,0.2
756,4,0,5,20,8316,0.1,0.2
757,4,0,5,20,8327,0.1,0.2
758,4,0,5,20,8338,0.1,0.2
759,4,0,5,20,8349,0.1,0.2
760,4,0,5,20,8360,0.1,0.2
761,4,0,5,20,8371,0.1,0.2
762,4,0,5,20,8382,0.1,0.2
763,4,0,5,20,8393,0.1,0.2
764,4,0,5,20,8404,0.1,0.2
765,4,0,5,20,8415,0.1,0.2
766,4,0,5,20,8426,0.1,0.2
767,4,0,5,20,8437,0.1,0.2
768,4,0,5,20,8448,0.1,0.2
769,4,0,5,20,8459,0.1,0.2
770,4,0,5,20,8470,0.1,0.2
771,4,0,5,20,8481,0.1,0.2
772,4,0,5,20,8492,0.1,0.2
773,4,0,5,20,8503,0.1,0.2
774,4,0,5,20,8514,0.1,0.2
775,4,0,5,20,8525,0.1,0.2
776,4,0,5,20,8536,0.1,0.2
777,4,0,5,20,8547,0.1,0.2
778,4,0,5,20,8558,0.1,0.2
779,4,0,5,20,8569,0.1,0.2
780,4,0,5,20,8580,0.1,0.2
781,4,0,5,20,8591,0.1,0.2
782,4,0,5,20,8602,0.1,0.2
783,4,0,5,20,8613,0.1,0.2
784,4,0,5,20,8624,0.1,0.2
785,4,0,5,20,8635,0.1,0.2
786,4,0,5,20,8646,0.1,0.2
787,4,0,5,20,8657,0.1,0.2
788,4,0,5,20,8668,0.1,0.2
789,4,0,5,20,8679,0.1,0.2
790,4,0,5,20,8690,0.1,0.2
791,4,0,5,20,8701,0.1,0.2
792,4,0,5,20,8712,0.1,0.2
793,4,0,5,20,8723,0.1,0.2
794,4,0,5,20,8734,0.1,0.2
795,4,0,5,20,8745,0.1,0.2
796,4,0,5,20,8756,0.1,0.2
797,4,0,5,20,8767,0.1,0.2
798,4,0,5,20,8778,0.1,0.2
799,4,0,5,20,8789,0.1,0.2
800,4,0,5,20,8800,0.1,0.2
801,4,0,5,20,8811,0.1,0.2
802,4,0,5,20,8822,0.1,0.2
803,4,0,5,20,8833,0.1,0.2
804,4,0,5,20,8844,0.1,0.2
805,4,0,5,20,8855,0.1,0.2
806,4,0,5,20,8866,0.1,0.2
807,4,0,5,20,8877,0.1,0.2
808,4,0,5,20,8888,0.1,0.2
809,4,0,5,20,8899,0.1,0.2
810,4,0,5,20,8910,0.1,0.2
811,4,0,5,20,8921,0.1,0.2
812,4,0,5,20,8932,0.1,0.2
813,4,0,5,20,8943,0.1,0.2
814,4,0,5,20,8954,0.1,0.2
815,4,0,5,20,8965,0.1,0.2
816,4,0,5,20,8976,0.1,0.2
817,4,0,5,20,8987,0.1,0.2
818,4,0,5,20,8998,0.1,0.2
819,4,0,5,20,9009,0.1,0.2
820,4,0,5,20,9020,0.1,0.2
821,4,0,5,20,9031,0.1,0.2
822,4,0,5,20,9042,0.1,0.2
823,4,0,5,20,9053,0.1,0.2
824,4,0,5,20,9064,0.1,0.2
825,4,0,5,20,9075,0.1,0.2
826,4,0,5,20,9086,0.1,0.2
827,4,0,5,20,9097,0.1,0.2
828,4,0,5,20,9108,0.1,0.2
829,4,0,5,20,9119,0.1,0.2
830,4,0,5,20,9130,0.1,0.2
831,4,0,5,20,9141,0.1,0.2
832,4,0,5,20,9152,0.1,0.2
833,4,0,5,20,9163,0.1,0.2
834,4,0,5,20,9174,0.1,0.2
835,4,0,5,20,9185,0.1,0.2
836,4,0,5,20,9196,0.1,0.2
837,4,0,5,20,9207,0.1,0.2
838,4,0,5,20,9218,0.1,0.2
839,4,0,5,20,9229,0.1,0.2
840,4,0,5,20,9240,0.1,0.2
841,4,0,5,20,9251,0.1,0.2
842,4,0,5,20,9262,0.1,0.2
843,4,0,5,20,9273,0.1,0.2
844,4,0,5,20,9284,0.1,0.2
845,4,0,5,20,9295,0.1,0.2
846,4,0,5,20,9306,0.1,0.2
847,4,0,5,20,9317,0.1,0.2
848,4,0,5,20,9328,0.1,0.2
849,4,0,5,20,9339,0.1,0.2
850,4,0,5,20,9350,0.1,0.2
851,3,1,5,20,9361,0.1,0.2
852,3,1,5,20,9372,0.1,0.2
853,3,1,5,20,9383,0.1,0.2
854,3,1,5,20,9394,0.1,0.2
855,3,1,5,20,9405,0.1,0.2
856,3,1,5,20,9416,0.1,0.2
857,3,1,5,20,9427,0.1,0.2
858,3,1,5,20,9438,0.1,0.2
859,3,1,5,20,9449,0.1,0.2
860,3,1,5,20,9460,0.1,0.2
861,3,1,5,20,9471,0.1,0.2
862,3,1,5,20,9482,0.1,0.2
863,3,1,5,20,9493,0.1,0.2
864,3,1,5,20,9504,0.1,0.2
865,3,1,5,20,9515,0.1,0.2
866,3,0,6,20,9526,0.1,0.2
867,3,0,6,20,9537,0.1,0.2
868,3,0,6,20,9548,0.1,0.2
869,3,0,6,20,9559,0.1,0.2
870,3,0,6,20,9570,0.1,0.2
871,3,0,6,20,9581,0.1,0.2
872,3,0,6,20,9592,0.1,0.2
873,3,0,6,20,9603,0.1,0.2
874,3,0,6,20,9614,0.1,0.2
875,3,0,6,20,9625,0.1,0.2
876,3,0,6,20,9636,0.1,0.2
877,3,0,6,20,9647,0.1,0.2
878,3,0,6,20,9658,0.1,0.2
879,3,0,6,20,9669,0.1,0.2
880,3,0,6,20,9680,0.1,0.2
881,3,0,6,20,9691,0.1,0.2
882,3,0,6,20,9702,0.1,0.2
883,3,0,6,20,9713,0.1,0.2
884,3,0,6,20,9724,0.1,0.2
885,3,0,6,20,9735,0.1,0.2
886,3,0,6,20,9746,0.1,0.2
887,2,1,6,20,9757,0.1,0.2
888,2,1,6,20,9768,0.1,0.2
889,2,1,6,20,9779,0.1,0.2
890,2,1,6,20,9790,0.1,0.2
891,2,1,6,20,9801,0.1,0.2
892,2,0,7,20,9812,0.1,0.2
893,2,0,7,20,9823,0.1,0.2
894,2,0,7,20,9834,0.1,0.2
895,2,0,7,20,9845,0.1,0.2
896,2,0,7,20,9856,0.1,0.2
897,2,0,7,20,9867,0.1,0.2
898,2,0,7,20,9878,0.1,0.2
899,2,0,7,20,9889,0.1,0.2
900,2,0,7,20,9900,0.1,0.2
901,2,0,7,20,9911,0.1,0.2
902,2,0,7,20,9922,0.1,0.2
903,2,0,7,20,9933,0.1,0.2
904,2,0,7,20,9944,0.1,0.2
905,2,0,7,20,9955,0.1,0.2
906,2,0,7,20,9966,0.1,0.2
907,2,0,7,20,9977,0.1,0.2
908,2,0,7,20,9988,0.1,0.2
909,2,0,7,20,9999,0.1,0.2
910,2,0,7,20,10010,0.1,0.2
911,2,0,7,20,10021,0.1,0.2
912,2,0,7,20,10032,0.1,0.2
913,2,0,7,20,10043,0.1,0.2
914,2,0,7,20,10054,0.1,0.2
915,2,0,7,20,10065,0.1,0.2
916,2,0,7,20,10076,0.1,0.2
917,2,0,7,20,10087,0.1,0.2
918,2,0,7,20,10098,0.1,0.2
919,2,0,7,20,10109,0.1,0.2
920,2,0,7,20,10120,0.1,0.2
921,2,0,7,20,10131,0.1,0.2
922,2,0,7,20,10142,0.1,0.2
923,2,0,7,20,10153,0.1,0.2
924,2,0,7,20,10164,0.1,0.2
925,2,0,7,20,10175,0.1,0.2
926,2,0,7,20,10186,0.1,0.2
927,2,0,7,20,10197,0.1,0.2
928,2,0,7,20,10208,0.1,0.2
929,2,0,7,20,10219,0.1,0.2
930,2,0,7,20,10230,0.1,0.2
931,2,0,7,20,10241,0.1,0.2
932,2,0,7,20,10252,0.1,0.2
933,2,0,7,20,10263,0.1,0.2
934,2,0,7,20,10274,0.1,0.2
935,2,0,7,20,10285,0.1,0.2
936,2,0,7,20,10296,0.1,0.2
937,2,0,7,20,10307,0.1,0.2
938,2,0,7,20,10318,0.1,0.2
939,2,0,7,20,10329,0.1,0.2
940,2,0,7,20,10340,0.1,0.2
941,2,0,7,20,10351,0.1,0.2
942,2,0,7,20,10362,0.1,0.2
943,2,0,7,20,10373,0.1,0.2
944,2,0,7,20,10384,0.1,0.2
945,2,0,7,20,10395,0.1,0.2
946,2,0,7,20,10406,0.1,0.2
947,2,0,7,20,10417,0.1,0.2
948,2,0,7,20,10428,0.1,0.2
949,2,0,7,20,10439,0.1,0.2
950,2,0,7,20,10450,0.1,0.2
951,2,0,7,20,10461,0.1,0.2
952,2,0,7,20,10472,0.1,0.2
953,2,0,7,20,10483,0.1,0.2
954,2,0,7,20,10494,0.1,0.2
955,2,0,7,20,10505,0.1,0.2
956,2,0,7,20,10516,0.1,0.2
957,2,0,7,20,10527,0.1,0.2
958,2,0,7,20,10538,0.1,0.2
959,2,0,7,20,10549,0.1,0.2
960,2,0,7,20,10560,0.1,0.2
961,2,0,7,20,10571,0.1,0.2
962,2,0,7,20,10582,0.1,0.2
963,2,0,7,20,10593,0.1,0.2
964,2,0,7,20,10604,0.1,0.2
965,2,0,7,20,10615,0.1,0.2
966,2,0,7,20,10626,0.1,0.2
967,2,0,7,20,10637,0.1,0.2
968,2,0,7,20,10648,0.1,0.2
969,2,0,7,20,10659,0.1,0.2
970,2,0,7,20,10670,0.1,0.2
971,2,0,7,20,10681,0.1,0.2
972,2,0,7,20,10692,0.1,0.2
973,2,0,7,20,10703,0.1,0.2
974,2,0,7,20,10714,0.1,0.2
975,2,0,7,20,10725,0.1,0.2
976,2,0,7,20,10736,0.1,0.2
977,2,0,7,20,10747,0.1,0.2
978,2,0,7,20,10758,0.1,0.2
979,2,0,7,20,10769,0.1,0.2
980,2,0,7,20,10780,0.1,0.2
981,2,0,7,20,10791,0.1,0.2
982,2,0,7,20,10802,0.1,0.2
983,2,0,7,20,10813,0.1,0.2
984,2,0,7,20,10824,0.1,0.2
985,2,0,7,20,10835,0.1,0.2
986,2,0,7,20,10846,0.1,0.2
987,2,0,7,20,10857,0.1,0.2
988,2,0,7,20,10868,0.1,0.2
989,2,0,7,20,10879,0.1,0.2
990,2,0,7,20,10890,0.1,0.2
991,2,0,7,20,10901,0.1,0.2
992,2,0,7,20,10912,0.1,0.2
993,2,0,7,20,10923,0.1,0.2
994,2,0,7,20,10934,0.1,0.2
995,2,0,7,20,10945,0.1,0.2
996,2,0,7,20,10956,0.1,0.2
997,2,0,7,20,10967,0.1,0.2
998,2,0,7,20,10978,0.1,0.2
999,2,0,7,20,10989,0.1,0.2
1000,2,0,7,20,11000,0.1,0.2
1001,2,0,7,20,11011,0.1,0.2
1002,2,0,7,20,11022,0.1,0.2
1003,2,0,7,20,11033,0.1,0.2
1004,2,0,7,20,11044,0.1,0.2
1005,1,0,8,20,11055,0.1,0.2
1006,1,0,8,20,11066,0.1,0.2
1007,1,0,8,20,11077,0.1,0.2
1008,1,0,8,20,11088,0.1,0.2
1009,1,0,8,20,11099,0.1,0.2
1010,1,0,8,20,11110,0.1,0.2
1011,1,0,8,20,11121,0.1,0.2
1012,1,0,8,20,11132,0.1,0.2
1013,1,0,8,20,11143,0.1,0.2
1014,1,0,8,20,11154,0.1,0.2
1015,1,0,8,20,11165,0.1,0.2
1016,1,0,8,20,11176,0.1,0.2
1017,1,0,8,20,11187,0.1,0.2
1018,1,0,8,20,11198,0.1,0.2
1019,1,0,8,20,11209,0.1,0.2
1020,1,0,8,20,11220,0.1,0.2
1021,1,0,8,20,11231,0.1,0.2
1022,1,0,8,20,11242,0.1,0.2
1023,1,0,8,20,11253,0.1,0.2
1024,1,0,8,20,11264,0.1,0.2
1025,1,0,8,20,11275,0.1,0.2
1026,1,0,8,20,11286,0.1,0.2
1027,1,0,8,20,11297,0.1,0.2
1028,1,0,8,20,11308,0.1,0.2
1029,1,0,8,20,11319,0.1,0.2
1030,1,0,8,20,11330,0.1,0.2
1031,1,0,8,20,11341,0.1,0.2
1032,1,0,8,20,11352,0.1,0.2
1033,1,0,8,20,11363,0.1,0.2
1034,1,0,8,20,11374,0.1,0.2
1035,1,0,8,20,11385,0.1,0.2
1036,1,0,8,20,11396,0.1,0.2
1037,1,0,8,20,11407,0.1,0.2
1038,1,0,8,20,11418,0.1,0.2
1039,1,0,8,20,11429,0.1,0.2
1040,1,0,8,20,11440,0.1,0.2
1041,1,0,8,20,11451,0.1,0.2
1042,1,0,8,20,11462,0.1,0.2
1043,1,0,8,20,11473,0.1,0.2
1044,1,0,8,20,11484,0.1,0.2
1045,1,0,8,20,11495,0.1,0.2
1046,1,0,8,20,11506,0.1,0.2
1047,1,0,8,20,11517,0.1,0.2
1048,1,0,8,20,11528,0.1,0.2
1049,1,0,8,20,11539,0.1,0.2
1050,1,0,8,20,11550,0.1,0.2
1051,1,0,8,20,11561,0.1,0.2
1052,1,0,8,20,11572,0.1,0.2
1053,1,0,8,20,11583,0.1,0.2
1054,1,0,8,20,11594,0.1,0.2
1055,1,0,8,20,11605,0.1,0.2
1056,1,0,8,20,11616,0.1,0.2
1057,1,0,8,20,11627,0.1,0.2
1058,1,0,8,20,11638,0.1,0.2
1059,1,0,8,20,11649,0.1,0.2
1060,1,0,8,20,11660,0.1,0.2
1061,1,0,8,20,11671,0.1,0.2
1062,1,0,8,20,11682,0.1,0.2
1063,1,0,8,20,11693,0.1,0.2
1064,1,0,8,20,11704,0.1,0.2
1065,1,0,8,20,11715,0.1,0.2
1066,1,0,8,20,11726,0.1,0.2
1067,1,0,8,20,11737,0.1,0.2
1068,1,0,8,20,11748,0.1,0.2
1069,1,0,8,20,11759,0.1,0.2
1070,1,0,8,20,11770,0.1,0.2
1071,1,0,8,20,11781,0.1,0.2
1072,1,0,8,20,11792,0.1,0.2
1073,1,0,8,20,11803,0.1,0.2
1074,1,0,8,20,11814,0.1,0.2
1075,1,0,8,20,11825,0.1,0.2
1076,1,0,8,20,11836,0.1,0.2
1077,1,0,8,20,11847,0.1,0.2
1078,1,0,8,20,11858,0.1,0.2
1079,1,0,8,20,11869,0.1,0.2
1080,1,0,8,20,11880,0.1,0.2
1081,1,0,8,20,11891,0.1,0.2
1082,1,0,8,20,11902,0.1,0.2
1083,1,0,8,20,11913,0.1,0.2
1084,1,0,8,20,11924,0.1,0.2
1085,1,0,8,20,11935,0.1,0.2
1086,1,0,8,20,11946,0.1,0.2
1087,1,0,8,20,11957,0.1,0.2
1088,1,0,8,20,11968,0.1,0.2
1089,1,0,8,20,11979,0.1,0.2
1090,1,0,8,20,11990,0.1,0.2
1091,1,0,8,20,12001,0.1,0.2
1092,1,0,8,20,12012,0.1,0.2
1093,1,0,8,20,12023,0.1,0.2
1094,1,0,8,20,12034,0.1,0.2
1095,1,0,8,20,12045,0.1,0.2
1096,1,0,8,20,12056,0.1,0.2
1097,1,0,8,20,12067,0.1,0.2
1098,1,0,8,20,12078,0.1,0.2
1099,1,0,8,20,12089,0.1,0.2
1100,1,0,8,20,12100,0.1,0.2
1101,1,0,8,20,12111,0.1,0.2
1102,1,0,8,20,12122,0.1,0.2
1103,1,0,8,20,12133,0.1,0.2
1104,1,0,8,20,12144,0.1,0.2
1105,1,0,8,20,12155,0.1,0.2
1106,1,0,8,20,12166,0.1,0.2
1107,1,0,8,20,12177,0.1,0.2
1108,1,0,8,20,12188,0.1,0.2
1109,1,0,8,20,12199,0.1,0.2
1110,1,0,8,20,12210,0.1,0.2
1111,1,0,8,20,12221,0.1,0.2
1112,1,0,8,20,12232,0.1,0.2
1113,1,0,8,20,12243,0.1,0.2
1114,1,0,8,20,12254,0.1,0.2
1115,1,0,8,20,12265,0.1,0.2
1116,1,0,8,20,12276,0.1,0.2
1117,1,0,8,20,12287,0.1,0.2
1118,1,0,8,20,12298,0.1,0.2
1119,1,0,8,20,12309,0.1,0.2
1120,1,0,8,20,12320,0.1,0.2
1121,1,0,8,20,12331,0.1,0.2
1122,1,0,8,20,12342,0.1,0.2
1123,1,0,8,20,12353,0.1,0.2
1124,1,0,8,20,12364,0.1,0.2
1125,1,0,8,20,12375,0.1,0.2
1126,1,0,8,20,12386,0.1,0.2
1127,1,0,8,20,12397,0.1,0.2
1128,1,0,8,20,12408,0.1,0.2
1129,1,0,8,20,12419,0.1,0.2
1130,1,0,8,20,12430,0.1,0.2
1131,1,0,8,20,12441,0.1,0.2
1132,1,0,8,20,12452,0.1,0.2
1133,1,0,8,20,12463,0.1,0.2
1134,1,0,8,20,12474,0.1,0.2
1135,1,0,8,20,12485,0.1,0.2
1136,1,0,8,20,12496,0.1,0.2
1137,1,0,8,20,12507,0.1,0.2
1138,1,0,8,20,12518,0.1,0.2
1139,1,0,8,20,12529,0.1,0.2
1140,1,0,8,20,12540,0.1,0.2
1141,1,0,8,20,12551,0.1,0.2
1142,1,0,8,20,12562,0.1,0.2
1143,1,0,8,20,12573,0.1,0.2
1144,1,0,8,20,12584,0.1,0.2
1145,1,0,8,20,12595,0.1,0.2
1146,1,0,8,20,12606,0.1,0.2
1147,1,0,8,20,12617,0.1,0.2
1148,1,0,8,20,12628,0.1,0.2
1149,1,0,8,20,12639,0.1,0.2
1150,1,0,8,20,12650,0.1,0.2
1151,1,0,8,20,12661,0.1,0.2
1152,1,0,8,20,12672,0.1,0.2
1153,1,0,8,20,12683,0.1,0.2
1154,1,0,8,20,12694,0.1,0.2
1155,1,0,8,20,12705,0.1,0.2
1156,1,0,8,20,12716,0.1,0.2
1157,1,0,8,20,12727,0.1,0.2
1158,1,0,8,20,12738,0.1,0.2
1159,1,0,8,20,12749,0.1,0.2
1160,1,0,8,20,12760,0.1,0.2
1161,1,0,8,20,12771,0.1,0.2
1162,1,0,8,20,12782,0.1,0.2
1163,1,0,8,20,12793,0.1,0.2
1164,1,0,8,20,12804,0.1,0.2
1165,1,0,8,20,12815,0.1,0.2
1166,1,0,8,20,12826,0.1,0.2
1167,1,0,8,20,12837,0.1,0.2
1168,1,0,8,20,12848,0.1,0.2
1169,1,0,8,20,12859,0.1,0.2
1170,1,0,8,20,12870,0.1,0.2
1171,1,0,8,20,12881,0.1,0.2
1172,1,0,8,20,12892,0.1,0.2
1173,1,0,8,20,12903,0.1,0.2
1174,1,0,8,20,12914,0.1,0.2
1175,0,1,8,20,12925,0.1,0.2
1176,0,1,8,20,12936,0.1,0.2
1177,0,0,9,20,12947,0.1,0.2
1178,0,0,9,20,12958,0.1,0.2
1179,0,0,9,20,12969,0.1,0.2
1180,0,0,9,20,12980,0.1,0.2
1181,0,0,9,20,12991,0.1,0.2
1182,0,0,9,20,13002,0.1,0.2
1183,0,0,9,20,13013,0.1,0.2
1184,0,0,9,20,13024,0.1,0.2
1185,0,0,9,20,13035,0.1,0.2
1186,0,0,9,20,13046,0.1,0.2
1187,0,0,9,20,13057,0.1,0.2
1188,0,0,9,20,13068,0.1,0.2
1189,0,0,9,20,13079,0.1,0.2
1190,0,0,9,20,13090,0.1,0.2
1191,0,0,9,20,13101,0.1,0.2
1192,0,0,9,20,13112,0.1,0.2
1193,0,0,9,20,13123,0.1,0.2
1194,0,0,9,20,13134,0.1,0.2
1195,0,0,9,20,13145,0.1,0.2
1196,0,0,9,20,13156,0.1,0.2
1197,0,0,9,20,13167,0.1,0.2
1198,0,0,9,20,13178,0.1,0.2
1199,0,0,9,20,13189,0.1,0.2
1200,0,0,9,20,13200,0.1,0.2
1201,0,0,9,20,13211,0.1,0.2
1202,0,0,9,20,13222,0.1,0.2
1203,0,0,9,20,13233,0.1,0.2
1204,0,0,9,20,13244,0.1,0.2
1205,0,0,9,20,13255,0.1,0.2
1206,0,0,9,20,13266,0.1,0.2
1207,0,0,9,20,13277,0.1,0.2
1208,0,0,9,20,13288,0.1,0.2
1209,0,0,9,20,13299,0.1,0.2
1210,0,0,9,20,13310,0.1,0.2
1211,0,0,9,20,13321,0.1,0.2
1212,0,0,9,20,13332,0.1,0.2
1213,0,0,9,20,13343,0.1,0.2
1214,0,0,9,20,13354,0.1,0.2
1215,0,0,9,20,13365,0.1,0.2
1216,0,0,9,20,13376,0.1,0.2
1217,0,0,9,20,13387,0.1,0.2
1218,0,0,9,20,13398,0.1,0.2
1219,0,0,9,20,13409,0.1,0.2
1220,0,0,9,20,13420,0.1,0.2
1221,0,0,9,20,13431,0.1,0.2
1222,0,0,9,20,13442,0.1,0.2
1223,0,0,9,20,13453,0.1,0.2
1224,0,0,9,20,13464,0.1,0.2
1225,0,0,9,20,13475,0.1,0.2
1226,0,0,9,20,13486,0.1,0.2
1227,0,0,9,20,13497,0.1,0.2
1228,0,0,9,20,13508,0.1,0.2
1229,0,0,9,20,13519,0.1,0.2
1230,0,0,9,20,13530,0.1,0.2
1231,0,0,9,20,13541,0.1,0.2
1232,0,0,9,20,13552,0.1,0.2
1233,0,0,9,20,13563,0.1,0.2
1234,0,0,9,20,13574,0.1,0.2
1235,0,0,9,20,13585,0.1,0.2
1236,0,0,9,20,13596,0.1,0.2
1237,0,0,9,20,13607,0.1,0.2
1238,0,0,9,20,13618,0.1,0.2
1239,0,0,9,20,13629,0.1,0.2
1240,0,0,9,20,13640,0.1,0.2
1241,0,0,9,20,13651,0.1,0.2
1242,0,0,9,20,13662,0.1,0.2
1243,0,0,9,20,13673,0.1,0.2
1244,0,0,9,20,13684,0.1,0.2
1245,0,0,9,20,13695,0.1,0.2
1246,0,0,9,20,13706,0.1,0.2
1247,0,0,9,20,13717,0.1,0.2
1248,0,0,9,20,13728,0.1,0.2
1249,0,0,9,20,13739,0.1,0.2
1250,0,0,9,20,13750,0.1,0.2
1251,0,0,9,20,13761,0.1,0.2
1252,0,0,9,20,13772,0.1,0.2
1253,0,0,9,20,13783,0.1,0.2
1254,0,0,9,20,13794,0.1,0.2
1255,0,0,9,20,13805,0.1,0.2
1256,0,0,9,20,13816,0.1,0.2
1257,0,0,9,20,13827,0.1,0.2
1258,0,0,9,20,13838,0.1,0.2
1259,0,0,9,20,13849,0.1,0.2
1260,0,0,9,20,13860,0.1,0.2
1261,0,0,9,20,13871,0.1,0.2
1262,0,0,9,20,13882,0.1,0.2
1263,0,0,9,20,13893,0.1,0.2
1264,0,0,9,20,13904,0.1,0.2
1265,0,0,9,20,13915,0.1,0.2
1266,0,0,9,20,13926,0.1,0.2
1267,0,0,9,20,13937,0.1,0.2
1268,0,0,9,20,13948,0.1,0.2
1269,0,0,9,20,13959,0.1,0.2
1270,0,0,9,20,13970,0.1,0.2
1271,0,0,9,20,13981,0.1,0.2
1272,0,0,9,20,13992,0.1,0.2
1273,0,0,9,20,14003,0.1,0.2
1274,0,0,9,20,14014,0.1,0.2
1275,0,0,9,20,14025,0.1,0.2
1276,0,0,9,20,14036,0.1,0.2
1277,0,0,9,20,14047,0.1,0.2
1278,0,0,9,20,14058,0.1,0.2
1279,0,0,9,20,14069,0.1,0.2
1280,0,0,9,20,14080,0.1,0.2
1281,0,0,9,20,14091,0.1,0.2
1282,0,0,9,20,14102,0.1,0.2
1283,0,0,9,20,14113,0.1,0.2
1284,0,0,9,20,14124,0.1,0.2
1285,0,0,9,20,14135,0.1,0.2
1286,0,0,9,20,14146,0.1,0.2
1287,0,0,9,20,14157,0.1,0.2
1288,0,0,9,20,14168,0.1,0.2
1289,0,0,9,20,14179,0.1,0.2
1290,0,0,9,20,14190,0.1,0.2
1291,0,0,9,20,14201,0.1,0.2
1292,0,0,9,20,14212,0.1,0.2
